[
  {
    "id": "4fdce423-5165-4b86-bc54-c6e1b7d46986",
    "data": [
      {
        "text": "debt",
        "meta": "@FundType",
        "alias": "fundType",
        "userDefined": true
      }
    ],
    "isTemplate": false,
    "count": 0,
    "lang": "en",
    "updated": 0
  },
  {
    "id": "93b46555-2f74-4d29-9481-0bf8a6fddf35",
    "data": [
      {
        "text": "hybrid",
        "meta": "@FundType",
        "alias": "fundType",
        "userDefined": true
      }
    ],
    "isTemplate": false,
    "count": 0,
    "lang": "en",
    "updated": 0
  },
  {
    "id": "0c87cb73-c9eb-45d7-a1fb-1e3a566059cf",
    "data": [
      {
        "text": "equity",
        "meta": "@FundType",
        "alias": "fundType",
        "userDefined": true
      }
    ],
    "isTemplate": false,
    "count": 0,
    "lang": "en",
    "updated": 0
  }
]