[
  {
    "id": "24198bf5-ad84-42ca-80d8-e72f27aaa584",
    "data": [
      {
        "text": "explore",
        "userDefined": false
      }
    ],
    "isTemplate": false,
    "count": 0,
    "lang": "en",
    "updated": 0
  },
  {
    "id": "96abca94-3d83-4b14-93a4-40647d49b264",
    "data": [
      {
        "text": "fund",
        "userDefined": false
      }
    ],
    "isTemplate": false,
    "count": 0,
    "lang": "en",
    "updated": 0
  },
  {
    "id": "76669a99-42c0-4dab-90b7-22e40aadf1db",
    "data": [
      {
        "text": "Fund Explorer",
        "userDefined": false
      }
    ],
    "isTemplate": false,
    "count": 0,
    "lang": "en",
    "updated": 0
  }
]