[
  {
    "id": "ae98cd4c-ba51-42ea-b1da-9542d1c8411e",
    "data": [
      {
        "text": "pan",
        "meta": "@sys.any",
        "alias": "pancardNumber",
        "userDefined": true
      }
    ],
    "isTemplate": false,
    "count": 0,
    "lang": "en",
    "updated": 0
  },
  {
    "id": "c49b3761-be38-43ce-8143-f0e20068a1a4",
    "data": [
      {
        "text": "pan_a",
        "meta": "@sys.any",
        "alias": "pancardNumber",
        "userDefined": true
      }
    ],
    "isTemplate": false,
    "count": 1,
    "lang": "en",
    "updated": 0
  }
]