[
  {
    "id": "0866e73c-3ea4-46a2-8b54-8c76d0b8eaa5",
    "data": [
      {
        "text": "3",
        "meta": "@sys.number",
        "alias": "fundId",
        "userDefined": true
      }
    ],
    "isTemplate": false,
    "count": 0,
    "lang": "en",
    "updated": 0
  },
  {
    "id": "34ce4cb3-8df8-4e1b-8c2b-3af467d262d5",
    "data": [
      {
        "text": "2",
        "meta": "@sys.number",
        "alias": "fundId",
        "userDefined": true
      }
    ],
    "isTemplate": false,
    "count": 0,
    "lang": "en",
    "updated": 0
  },
  {
    "id": "2feee872-a518-4868-b264-794a3a68494f",
    "data": [
      {
        "text": "1",
        "meta": "@sys.number",
        "alias": "fundId",
        "userDefined": true
      }
    ],
    "isTemplate": false,
    "count": 0,
    "lang": "en",
    "updated": 0
  }
]