[
  {
    "id": "b1c78346-f4c4-41c2-bc12-e6cbd7f86835",
    "data": [
      {
        "text": "show transactions from ",
        "userDefined": false
      },
      {
        "text": "1st jan to 20 feb",
        "meta": "@sys.date-period",
        "alias": "date-period",
        "userDefined": true
      }
    ],
    "isTemplate": false,
    "count": 0,
    "lang": "en",
    "updated": 0
  },
  {
    "id": "9ae66aaa-19bb-4212-a493-c96c5000daa3",
    "data": [
      {
        "text": "show my transactions for ",
        "userDefined": false
      },
      {
        "text": "last financial year",
        "meta": "@sys.date-period",
        "alias": "date-period",
        "userDefined": true
      }
    ],
    "isTemplate": false,
    "count": 0,
    "lang": "en",
    "updated": 0
  },
  {
    "id": "dddc6206-f478-413d-9653-a60ba634e51f",
    "data": [
      {
        "text": "show transactions ",
        "userDefined": false
      },
      {
        "text": "from 1st feb to 20 feb",
        "meta": "@sys.date-period",
        "alias": "date-period",
        "userDefined": false
      }
    ],
    "isTemplate": false,
    "count": 0,
    "lang": "en",
    "updated": 0
  },
  {
    "id": "ba7924b5-f94d-4e9d-8f03-6eea7c7c9534",
    "data": [
      {
        "text": "give me transactions for ",
        "userDefined": false
      },
      {
        "text": "last year",
        "meta": "@sys.date-period",
        "alias": "date-period",
        "userDefined": false
      }
    ],
    "isTemplate": false,
    "count": 0,
    "lang": "en",
    "updated": 0
  },
  {
    "id": "6577048c-ffdf-412b-bc2f-5c7a8eb2f1e6",
    "data": [
      {
        "text": "my transactions for ",
        "userDefined": false
      },
      {
        "text": "last quarter",
        "meta": "@sys.date-period",
        "alias": "date-period",
        "userDefined": false
      }
    ],
    "isTemplate": false,
    "count": 0,
    "lang": "en",
    "updated": 0
  },
  {
    "id": "cb2ecfcc-a375-4c0e-9617-d773d8359a9a",
    "data": [
      {
        "text": "transactions in ",
        "userDefined": false
      },
      {
        "text": "current year",
        "meta": "@sys.date-period",
        "alias": "date-period",
        "userDefined": false
      }
    ],
    "isTemplate": false,
    "count": 0,
    "lang": "en",
    "updated": 0
  }
]