[
  {
    "id": "600a0d31-7d18-4347-bb8c-1e09b219215f",
    "data": [
      {
        "text": "no",
        "meta": "@Confirmation",
        "alias": "investMoreValue",
        "userDefined": true
      }
    ],
    "isTemplate": false,
    "count": 0,
    "lang": "en",
    "updated": 0
  },
  {
    "id": "fcc6c6cc-8f2b-4bdc-8066-5cbcb3abdd83",
    "data": [
      {
        "text": "yes",
        "meta": "@Confirmation",
        "alias": "investMoreValue",
        "userDefined": true
      }
    ],
    "isTemplate": false,
    "count": 0,
    "lang": "en",
    "updated": 0
  }
]