[
  {
    "id": "e703c170-0c1b-46fa-8e5e-c972042fae3d",
    "data": [
      {
        "text": "Portfolio Valuation",
        "userDefined": false
      }
    ],
    "isTemplate": false,
    "count": 0,
    "lang": "en",
    "updated": 0
  },
  {
    "id": "ff874ac9-3e54-41b5-aa2f-bcd8e5f199e5",
    "data": [
      {
        "text": "Value",
        "userDefined": false
      }
    ],
    "isTemplate": false,
    "count": 0,
    "lang": "en",
    "updated": 0
  },
  {
    "id": "49e496de-ed58-44b8-9c18-202edede01fe",
    "data": [
      {
        "text": "Valuation",
        "userDefined": false
      }
    ],
    "isTemplate": false,
    "count": 0,
    "lang": "en",
    "updated": 0
  },
  {
    "id": "547512c3-bf0f-48fe-ac6d-cb5f62a43b19",
    "data": [
      {
        "text": "Portfolio",
        "userDefined": false
      }
    ],
    "isTemplate": false,
    "count": 1,
    "lang": "en",
    "updated": 0
  }
]