[
  {
    "id": "4ba21da3-2205-499e-acbe-9ae94c86b6a7",
    "data": [
      {
        "text": "history",
        "userDefined": false
      }
    ],
    "isTemplate": false,
    "count": 0,
    "lang": "en",
    "updated": 0
  },
  {
    "id": "5bb4cf1b-be3a-49e3-a57c-f1eeebfa5ffd",
    "data": [
      {
        "text": "my transactions",
        "userDefined": false
      }
    ],
    "isTemplate": false,
    "count": 0,
    "lang": "en",
    "updated": 0
  },
  {
    "id": "90cfb1e2-588d-4549-9dbc-ef4487abf525",
    "data": [
      {
        "text": "Transaction History",
        "userDefined": false
      }
    ],
    "isTemplate": false,
    "count": 0,
    "lang": "en",
    "updated": 0
  }
]